{
    "f1": 0.00784313725490196, 
    "loss": 0.6909112053758958, 
    "accuracy": 0.5879108996539792
}