{
    "f1": 0.5602421980606782, 
    "loss": 0.6933364412363838, 
    "accuracy": 0.45599048442906576
}