{
    "f1": 0.06113825620746036, 
    "loss": 0.6916388693977805, 
    "accuracy": 0.5881271626297577
}